date,canal,depenses,clics,conversions,cout_par_conversion
2026-01-02,google ads,1250.4,3120,84.0,14.89
2026-01-02,meta,830.0,2045,41.0,20.24
2026-01-03,emailing,120.5,1510,,
2026-01-03,google ads,1102.75,2890,77.0,14.32
2026-01-04,affiliation,,980,22.0,
2026-01-05,seo,0.0,4020,95.0,0.0
2026-01-05,meta,912.3,2210,47.0,19.41
2026-01-06,affiliation,450.0,1015,25.0,18.0
2026-01-06,google ads,,3005,80.0,
2026-01-07,google ads,1310.0,3240,88.0,14.89
2026-01-07,meta,830.0,2045,41.0,20.24
2026-02-02,google ads,1180.2,2980,79.0,14.94
2026-02-02,meta,845.0,2100,43.0,19.65
2026-02-03,seo,0.0,3950,,
2026-02-03,emailing,135.0,1620,31.0,4.35
2026-02-04,affiliation,470.5,1040,26.0,18.1
2026-02-05,meta,,2150,44.0,
2026-02-05,google ads,1225.0,3050,82.0,14.94
2026-02-06,emailing,128.4,1580,29.0,4.43
2026-03-02,google ads,1290.0,3180,86.0,15.0
2026-03-02,meta,880.0,2190,45.0,19.56
2026-03-03,seo,0.0,4110,98.0,0.0
2026-03-03,emailing,130.0,1600,,
2026-03-04,google ads,,3300,90.0,
2026-03-04,affiliation,480.25,1060,27.0,17.79
2026-03-05,meta,905.6,2230,46.0,19.69
